district,ur,cpi_code,cpi_category,category_district_spend,household_count,avg_spend_rwf,total_district_spend,basket_share_pct
Nyarugenge,Urban,01,Food and non-alcoholic beverages,2418965711.3402824,511.0,28180.0,6802587117.658105,35.56
Nyarugenge,Urban,02,Alcoholic beverages and tobacco,584971.9799333562,5.0,720.0,6802587117.658105,0.01
Nyarugenge,Urban,03,Clothing and footwear,1667302103.8838396,199.0,52778.0,6802587117.658105,24.51
Nyarugenge,Urban,04,Housing and utilities,98959518.68777288,78.0,7422.0,6802587117.658105,1.45
Nyarugenge,Urban,05,Furnishing and household,698568482.9276971,155.0,26993.0,6802587117.658105,10.27
Nyarugenge,Urban,06,Health,1017313266.2930608,159.0,34633.0,6802587117.658105,14.95
Nyarugenge,Urban,07,Transport,87660418.10027635,29.0,15376.0,6802587117.658105,1.29
Nyarugenge,Urban,08,Communication,37642669.205586545,28.0,8029.0,6802587117.658105,0.55
Nyarugenge,Urban,09,Recreation and culture,32558888.61274166,17.0,13053.0,6802587117.658105,0.48
Nyarugenge,Urban,10,Education,790638.9978432623,2.0,2100.0,6802587117.658105,0.01
Nyarugenge,Urban,11,Restaurants and hotels,51015501.50447399,3.0,123333.0,6802587117.658105,0.75
Nyarugenge,Urban,12,Miscellaneous,691224946.1245967,136.0,31340.0,6802587117.658105,10.16
Nyarugenge,Rural,01,Food and non-alcoholic beverages,271340299.00245047,99.0,20333.0,572829483.7298813,47.37
Nyarugenge,Rural,02,Alcoholic beverages and tobacco,40560.70016939582,1.0,300.0,572829483.7298813,0.01
Nyarugenge,Rural,03,Clothing and footwear,94854906.66161864,30.0,23450.0,572829483.7298813,16.56
Nyarugenge,Rural,04,Housing and utilities,48135646.99643463,72.0,4969.0,572829483.7298813,8.4
Nyarugenge,Rural,05,Furnishing and household,84905968.6142766,39.0,16615.0,572829483.7298813,14.82
Nyarugenge,Rural,06,Health,49157018.756365635,34.0,10932.0,572829483.7298813,8.58
Nyarugenge,Rural,07,Transport,2076552.9760560954,3.0,6000.0,572829483.7298813,0.36
Nyarugenge,Rural,08,Communication,4941955.047160476,14.0,2814.0,572829483.7298813,0.86
Nyarugenge,Rural,09,Recreation and culture,533110.1868356769,1.0,4000.0,572829483.7298813,0.09
Nyarugenge,Rural,12,Miscellaneous,16843464.7885137,16.0,7834.0,572829483.7298813,2.94
Gasabo,Urban,01,Food and non-alcoholic beverages,6023761465.229967,508.0,30453.0,15457143069.248983,38.97
Gasabo,Urban,02,Alcoholic beverages and tobacco,1992447.1547465187,3.0,1567.0,15457143069.248983,0.01
Gasabo,Urban,03,Clothing and footwear,4203693789.9774947,180.0,65872.0,15457143069.248983,27.2
Gasabo,Urban,04,Housing and utilities,409425601.4822336,81.0,14132.0,15457143069.248983,2.65
Gasabo,Urban,05,Furnishing and household,1096516979.1400504,160.0,17024.0,15457143069.248983,7.09
Gasabo,Urban,06,Health,488490505.5939228,89.0,13773.0,15457143069.248983,3.16
Gasabo,Urban,07,Transport,2096337723.692356,35.0,221349.0,15457143069.248983,13.56
Gasabo,Urban,08,Communication,70784288.01276962,42.0,4787.0,15457143069.248983,0.46
Gasabo,Urban,09,Recreation and culture,172902553.01591653,18.0,27700.0,15457143069.248983,1.12
Gasabo,Urban,10,Education,95795.49345482298,2.0,150.0,15457143069.248983,0.0
Gasabo,Urban,11,Restaurants and hotels,57085580.546499714,3.0,46667.0,15457143069.248983,0.37
Gasabo,Urban,12,Miscellaneous,836056339.9095701,109.0,22567.0,15457143069.248983,5.41
Gasabo,Rural,01,Food and non-alcoholic beverages,731229630.7198572,124.0,16914.0,1730663630.595521,42.25
Gasabo,Rural,02,Alcoholic beverages and tobacco,151157.3033707865,1.0,450.0,1730663630.595521,0.01
Gasabo,Rural,03,Clothing and footwear,325852405.5347942,34.0,26594.0,1730663630.595521,18.83
Gasabo,Rural,04,Housing and utilities,86624849.1451312,91.0,2750.0,1730663630.595521,5.01
Gasabo,Rural,05,Furnishing and household,372140332.93714976,48.0,22646.0,1730663630.595521,21.5
Gasabo,Rural,06,Health,91512128.84662864,20.0,13170.0,1730663630.595521,5.29
Gasabo,Rural,07,Transport,1298218.272196519,5.0,722.0,1730663630.595521,0.08
Gasabo,Rural,08,Communication,3065686.5055777244,24.0,381.0,1730663630.595521,0.18
Gasabo,Rural,12,Miscellaneous,118789221.33081499,24.0,13842.0,1730663630.595521,6.86
Kicukiro,Urban,01,Food and non-alcoholic beverages,3404968474.2486587,599.0,27544.0,19000978121.510117,17.92
Kicukiro,Urban,02,Alcoholic beverages and tobacco,2136329.0079246326,5.0,2080.0,19000978121.510117,0.01
Kicukiro,Urban,03,Clothing and footwear,4059154686.6911774,249.0,80898.0,19000978121.510117,21.36
Kicukiro,Urban,04,Housing and utilities,333431546.8930675,104.0,15539.0,19000978121.510117,1.75
Kicukiro,Urban,05,Furnishing and household,1650804901.2425485,338.0,21951.0,19000978121.510117,8.69
Kicukiro,Urban,06,Health,853576590.1942399,131.0,35584.0,19000978121.510117,4.49
Kicukiro,Urban,07,Transport,3627840343.407895,42.0,452100.0,19000978121.510117,19.09
Kicukiro,Urban,08,Communication,93199862.28779723,64.0,6917.0,19000978121.510117,0.49
Kicukiro,Urban,09,Recreation and culture,290302943.49359167,22.0,67123.0,19000978121.510117,1.53
Kicukiro,Urban,10,Education,432294.4304675936,5.0,420.0,19000978121.510117,0.0
Kicukiro,Urban,11,Restaurants and hotels,3761805006.1720457,18.0,1008483.0,19000978121.510117,19.8
Kicukiro,Urban,12,Miscellaneous,923325143.4407017,147.0,30877.0,19000978121.510117,4.86
Kicukiro,Rural,01,Food and non-alcoholic beverages,12125457.808616146,18.0,9688.0,34116277.262750514,35.54
Kicukiro,Rural,03,Clothing and footwear,6068939.141903531,5.0,17600.0,34116277.262750514,17.79
Kicukiro,Rural,04,Housing and utilities,4389568.006029285,9.0,7059.0,34116277.262750514,12.87
Kicukiro,Rural,05,Furnishing and household,7586081.476098192,8.0,13500.0,34116277.262750514,22.24
Kicukiro,Rural,06,Health,858485.7881136952,1.0,12000.0,34116277.262750514,2.52
Kicukiro,Rural,07,Transport,143080.96468561588,1.0,2000.0,34116277.262750514,0.42
Kicukiro,Rural,08,Communication,160945.91408268738,5.0,460.0,34116277.262750514,0.47
Kicukiro,Rural,12,Miscellaneous,2783718.163221361,5.0,8100.0,34116277.262750514,8.16
Nyanza,Urban,01,Food and non-alcoholic beverages,172377695.6324137,45.0,22058.0,416027847.5476229,41.43
Nyanza,Urban,03,Clothing and footwear,167938571.00960743,19.0,45958.0,416027847.5476229,40.37
Nyanza,Urban,04,Housing and utilities,22794307.53059046,17.0,6568.0,416027847.5476229,5.48
Nyanza,Urban,05,Furnishing and household,11038576.71708449,7.0,11714.0,416027847.5476229,2.65
Nyanza,Urban,06,Health,18559347.31175013,11.0,8282.0,416027847.5476229,4.46
Nyanza,Urban,07,Transport,2872015.2698559803,6.0,2367.0,416027847.5476229,0.69
Nyanza,Urban,08,Communication,501633.2271789039,4.0,625.0,416027847.5476229,0.12
Nyanza,Urban,09,Recreation and culture,522092.59259259264,1.0,5000.0,416027847.5476229,0.13
Nyanza,Urban,11,Restaurants and hotels,8077333.333333333,1.0,40000.0,416027847.5476229,1.94
Nyanza,Urban,12,Miscellaneous,11346274.923215898,6.0,10950.0,416027847.5476229,2.73
Nyanza,Rural,01,Food and non-alcoholic beverages,754032066.9283285,441.0,9031.0,1633790433.1569529,46.15
Nyanza,Rural,02,Alcoholic beverages and tobacco,1478724.0585666525,11.0,714.0,1633790433.1569529,0.09
Nyanza,Rural,03,Clothing and footwear,386032161.92894346,120.0,16387.0,1633790433.1569529,23.63
Nyanza,Rural,04,Housing and utilities,143999017.21202746,380.0,2064.0,1633790433.1569529,8.81
Nyanza,Rural,05,Furnishing and household,162783054.0132894,108.0,7978.0,1633790433.1569529,9.96
Nyanza,Rural,06,Health,143391714.50189504,85.0,8939.0,1633790433.1569529,8.78
Nyanza,Rural,07,Transport,10686613.632236024,21.0,2738.0,1633790433.1569529,0.65
Nyanza,Rural,08,Communication,5945091.725397171,87.0,357.0,1633790433.1569529,0.36
Nyanza,Rural,09,Recreation and culture,1895595.0216450216,3.0,3467.0,1633790433.1569529,0.12
Nyanza,Rural,12,Miscellaneous,23546394.134624425,43.0,2880.0,1633790433.1569529,1.44
Gisagara,Urban,01,Food and non-alcoholic beverages,32798092.947679102,18.0,9786.0,135581681.1730031,24.19
Gisagara,Urban,03,Clothing and footwear,17280579.575559035,9.0,10467.0,135581681.1730031,12.75
Gisagara,Urban,04,Housing and utilities,7618777.229739353,15.0,2782.0,135581681.1730031,5.62
Gisagara,Urban,05,Furnishing and household,72555648.59706594,18.0,21933.0,135581681.1730031,53.51
Gisagara,Urban,06,Health,3014577.5720457667,5.0,3260.0,135581681.1730031,2.22
Gisagara,Urban,07,Transport,36169.187675070025,1.0,200.0,135581681.1730031,0.03
Gisagara,Urban,08,Communication,627959.6923515168,6.0,550.0,135581681.1730031,0.46
Gisagara,Urban,09,Recreation and culture,38395.48022598869,1.0,200.0,135581681.1730031,0.03
Gisagara,Urban,12,Miscellaneous,1611480.890661349,6.0,1467.0,135581681.1730031,1.19
Gisagara,Rural,01,Food and non-alcoholic beverages,830720653.8437742,468.0,8767.0,4224666003.626038,19.66
Gisagara,Rural,02,Alcoholic beverages and tobacco,15044949.742076503,18.0,4117.0,4224666003.626038,0.36
Gisagara,Rural,03,Clothing and footwear,498380608.23621523,174.0,14140.0,4224666003.626038,11.8
Gisagara,Rural,04,Housing and utilities,385717372.00757784,434.0,4336.0,4224666003.626038,9.13
Gisagara,Rural,05,Furnishing and household,2139966281.8830113,460.0,23066.0,4224666003.626038,50.65
Gisagara,Rural,06,Health,251340437.87050918,104.0,11875.0,4224666003.626038,5.95
Gisagara,Rural,07,Transport,9626618.139394954,25.0,1847.0,4224666003.626038,0.23
Gisagara,Rural,08,Communication,7385581.096908785,101.0,364.0,4224666003.626038,0.17
Gisagara,Rural,09,Recreation and culture,3808890.6977612274,24.0,773.0,4224666003.626038,0.09
Gisagara,Rural,10,Education,581108.5167361619,5.0,560.0,4224666003.626038,0.01
Gisagara,Rural,11,Restaurants and hotels,14640352.564102564,1.0,75000.0,4224666003.626038,0.35
Gisagara,Rural,12,Miscellaneous,67453149.02797005,98.0,3357.0,4224666003.626038,1.6
Nyaruguru,Urban,01,Food and non-alcoholic beverages,23180980.131752852,18.0,11128.0,329498550.29889184,7.04
Nyaruguru,Urban,02,Alcoholic beverages and tobacco,22734.34343434344,1.0,200.0,329498550.29889184,0.01
Nyaruguru,Urban,03,Clothing and footwear,8385451.656856336,7.0,10500.0,329498550.29889184,2.54
Nyaruguru,Urban,04,Housing and utilities,58503455.96395611,16.0,31286.0,329498550.29889184,17.76
Nyaruguru,Urban,05,Furnishing and household,50567086.25826612,14.0,31321.0,329498550.29889184,15.35
Nyaruguru,Urban,06,Health,9070108.077174624,7.0,11286.0,329498550.29889184,2.75
Nyaruguru,Urban,07,Transport,170624645.3019403,2.0,750500.0,329498550.29889184,51.78
Nyaruguru,Urban,08,Communication,372244.0629314731,8.0,400.0,329498550.29889184,0.11
Nyaruguru,Urban,09,Recreation and culture,227343.43434343438,1.0,2000.0,329498550.29889184,0.07
Nyaruguru,Urban,10,Education,11367.17171717172,1.0,100.0,329498550.29889184,0.0
Nyaruguru,Urban,11,Restaurants and hotels,1756043.165467626,1.0,15000.0,329498550.29889184,0.53
Nyaruguru,Urban,12,Miscellaneous,6777090.731051523,6.0,9700.0,329498550.29889184,2.06
Nyaruguru,Rural,01,Food and non-alcoholic beverages,640498815.7314823,467.0,8944.0,2835655491.686069,22.59
Nyaruguru,Rural,02,Alcoholic beverages and tobacco,13701052.72935367,16.0,5609.0,2835655491.686069,0.48
Nyaruguru,Rural,03,Clothing and footwear,417763865.9555156,189.0,14512.0,2835655491.686069,14.73
Nyaruguru,Rural,04,Housing and utilities,625227361.2772057,448.0,9072.0,2835655491.686069,22.05
Nyaruguru,Rural,05,Furnishing and household,806098050.6152468,226.0,23287.0,2835655491.686069,28.43
Nyaruguru,Rural,06,Health,176559922.4608815,214.0,5414.0,2835655491.686069,6.23
Nyaruguru,Rural,07,Transport,5573764.868272081,24.0,1508.0,2835655491.686069,0.2
Nyaruguru,Rural,08,Communication,6514825.674391608,116.0,366.0,2835655491.686069,0.23
Nyaruguru,Rural,09,Recreation and culture,3233961.5914666723,14.0,1514.0,2835655491.686069,0.11
Nyaruguru,Rural,10,Education,613918.7183352631,10.0,400.0,2835655491.686069,0.02
Nyaruguru,Rural,11,Restaurants and hotels,76060491.29411577,4.0,124750.0,2835655491.686069,2.68
Nyaruguru,Rural,12,Miscellaneous,63809460.76980239,114.0,3669.0,2835655491.686069,2.25
Huye,Urban,01,Food and non-alcoholic beverages,469145617.4359229,95.0,29738.0,4186140549.924098,11.21
Huye,Urban,02,Alcoholic beverages and tobacco,83287.8787878788,1.0,500.0,4186140549.924098,0.0
Huye,Urban,03,Clothing and footwear,534481063.684375,60.0,52797.0,4186140549.924098,12.77
Huye,Urban,04,Housing and utilities,739637226.6561196,35.0,128101.0,4186140549.924098,17.67
Huye,Urban,05,Furnishing and household,109975993.16336639,34.0,19394.0,4186140549.924098,2.63
Huye,Urban,06,Health,132096811.48613629,27.0,28850.0,4186140549.924098,3.16
Huye,Urban,07,Transport,1029850268.9910868,11.0,549009.0,4186140549.924098,24.6
Huye,Urban,08,Communication,13139360.261105215,16.0,4878.0,4186140549.924098,0.31
Huye,Urban,09,Recreation and culture,21696369.60048105,9.0,14000.0,4186140549.924098,0.52
Huye,Urban,10,Education,1400421.487603306,2.0,4000.0,4186140549.924098,0.03
Huye,Urban,11,Restaurants and hotels,978728908.9136133,8.0,712875.0,4186140549.924098,23.38
Huye,Urban,12,Miscellaneous,155905220.3655001,40.0,23228.0,4186140549.924098,3.72
Huye,Rural,01,Food and non-alcoholic beverages,827594366.0113581,383.0,10745.0,3774179028.9827585,21.93
Huye,Rural,02,Alcoholic beverages and tobacco,315910.15305699327,7.0,221.0,3774179028.9827585,0.01
Huye,Rural,03,Clothing and footwear,579552328.7480448,155.0,18760.0,3774179028.9827585,15.36
Huye,Rural,04,Housing and utilities,1526417753.7582424,345.0,22022.0,3774179028.9827585,40.44
Huye,Rural,05,Furnishing and household,412908505.49260795,154.0,13301.0,3774179028.9827585,10.94
Huye,Rural,06,Health,298389293.8980915,126.0,11886.0,3774179028.9827585,7.91
Huye,Rural,07,Transport,12317829.918088714,28.0,2252.0,3774179028.9827585,0.33
Huye,Rural,08,Communication,6503705.657330777,72.0,453.0,3774179028.9827585,0.17
Huye,Rural,09,Recreation and culture,6498396.022858028,13.0,2492.0,3774179028.9827585,0.17
Huye,Rural,10,Education,62315.526577086086,2.0,150.0,3774179028.9827585,0.0
Huye,Rural,11,Restaurants and hotels,23430555.897593096,4.0,30000.0,3774179028.9827585,0.62
Huye,Rural,12,Miscellaneous,80188067.8989089,99.0,4063.0,3774179028.9827585,2.12
Nyamagabe,Urban,01,Food and non-alcoholic beverages,109328722.48131377,54.0,14470.0,347663798.89135313,31.45
Nyamagabe,Urban,03,Clothing and footwear,21555695.66080548,13.0,11962.0,347663798.89135313,6.2
Nyamagabe,Urban,04,Housing and utilities,100092861.08156098,38.0,18898.0,347663798.89135313,28.79
Nyamagabe,Urban,05,Furnishing and household,62086028.85877755,31.0,14458.0,347663798.89135313,17.86
Nyamagabe,Urban,06,Health,46712701.193256974,22.0,14898.0,347663798.89135313,13.44
Nyamagabe,Urban,07,Transport,139276.93931245845,2.0,500.0,347663798.89135313,0.04
Nyamagabe,Urban,08,Communication,387918.91317547054,9.0,311.0,347663798.89135313,0.11
Nyamagabe,Urban,09,Recreation and culture,139095.32483302974,1.0,1000.0,347663798.89135313,0.04
Nyamagabe,Urban,10,Education,13531.419059508946,1.0,100.0,347663798.89135313,0.0
Nyamagabe,Urban,12,Miscellaneous,7207967.019257919,9.0,5600.0,347663798.89135313,2.07
Nyamagabe,Rural,01,Food and non-alcoholic beverages,722283853.9923928,432.0,8616.0,2620737506.275288,27.56
Nyamagabe,Rural,02,Alcoholic beverages and tobacco,248004.98933158792,4.0,325.0,2620737506.275288,0.01
Nyamagabe,Rural,03,Clothing and footwear,222066434.5595991,104.0,10962.0,2620737506.275288,8.47
Nyamagabe,Rural,04,Housing and utilities,884927579.2528086,410.0,11300.0,2620737506.275288,33.77
Nyamagabe,Rural,05,Furnishing and household,621145805.2668993,274.0,11764.0,2620737506.275288,23.7
Nyamagabe,Rural,06,Health,132324484.62669876,93.0,7224.0,2620737506.275288,5.05
Nyamagabe,Rural,07,Transport,3066500.9846692136,12.0,1283.0,2620737506.275288,0.12
Nyamagabe,Rural,08,Communication,3764945.535121267,62.0,315.0,2620737506.275288,0.14
Nyamagabe,Rural,09,Recreation and culture,1156213.7603396398,7.0,857.0,2620737506.275288,0.04
Nyamagabe,Rural,10,Education,698436.6615495416,5.0,700.0,2620737506.275288,0.03
Nyamagabe,Rural,12,Miscellaneous,29055246.645878516,74.0,2033.0,2620737506.275288,1.11
Ruhango,Urban,01,Food and non-alcoholic beverages,189947971.50908345,51.0,19194.0,878322653.2041266,21.63
Ruhango,Urban,03,Clothing and footwear,238855775.98244807,36.0,33250.0,878322653.2041266,27.19
Ruhango,Urban,04,Housing and utilities,65871043.31920989,27.0,13144.0,878322653.2041266,7.5
Ruhango,Urban,05,Furnishing and household,123710343.24007392,27.0,23204.0,878322653.2041266,14.08
Ruhango,Urban,06,Health,71431744.55735373,23.0,15170.0,878322653.2041266,8.13
Ruhango,Urban,07,Transport,15637252.712657368,15.0,4907.0,878322653.2041266,1.78
Ruhango,Urban,08,Communication,5663026.856735718,15.0,1960.0,878322653.2041266,0.64
Ruhango,Urban,09,Recreation and culture,2444571.723027375,5.0,2460.0,878322653.2041266,0.28
Ruhango,Urban,10,Education,1346881.1055943891,19.0,353.0,878322653.2041266,0.15
Ruhango,Urban,11,Restaurants and hotels,115374545.45454547,1.0,600000.0,878322653.2041266,13.14
Ruhango,Urban,12,Miscellaneous,48039496.743397236,23.0,10354.0,878322653.2041266,5.47
Ruhango,Rural,01,Food and non-alcoholic beverages,778761957.0921235,432.0,9589.0,5684162150.253504,13.7
Ruhango,Rural,02,Alcoholic beverages and tobacco,2762251.563421164,12.0,1267.0,5684162150.253504,0.05
Ruhango,Rural,03,Clothing and footwear,1039739499.70988,246.0,22323.0,5684162150.253504,18.29
Ruhango,Rural,04,Housing and utilities,910215497.8610499,382.0,12693.0,5684162150.253504,16.01
Ruhango,Rural,05,Furnishing and household,529646850.0029912,203.0,13769.0,5684162150.253504,9.32
Ruhango,Rural,06,Health,430215292.12230515,192.0,11664.0,5684162150.253504,7.57
Ruhango,Rural,07,Transport,1732662035.7560132,48.0,191118.0,5684162150.253504,30.48
Ruhango,Rural,08,Communication,8595215.831928201,114.0,393.0,5684162150.253504,0.15
Ruhango,Rural,09,Recreation and culture,24093699.33252747,33.0,3830.0,5684162150.253504,0.42
Ruhango,Rural,10,Education,15516526.186331619,196.0,416.0,5684162150.253504,0.27
Ruhango,Rural,11,Restaurants and hotels,71488315.36620991,5.0,77200.0,5684162150.253504,1.26
Ruhango,Rural,12,Miscellaneous,140465009.42872286,143.0,5172.0,5684162150.253504,2.47
Muhanga,Urban,01,Food and non-alcoholic beverages,415298048.21425766,116.0,21427.0,2688664614.1235967,15.45
Muhanga,Urban,02,Alcoholic beverages and tobacco,51780.68739770867,1.0,300.0,2688664614.1235967,0.0
Muhanga,Urban,03,Clothing and footwear,411820011.32635987,51.0,48320.0,2688664614.1235967,15.32
Muhanga,Urban,04,Housing and utilities,709367006.4485264,38.0,107352.0,2688664614.1235967,26.38
Muhanga,Urban,05,Furnishing and household,623607099.7444081,114.0,32370.0,2688664614.1235967,23.19
Muhanga,Urban,06,Health,101208480.2320571,40.0,14960.0,2688664614.1235967,3.76
Muhanga,Urban,07,Transport,332640620.2604489,7.0,361543.0,2688664614.1235967,12.37
Muhanga,Urban,08,Communication,16160214.791486511,17.0,5759.0,2688664614.1235967,0.6
Muhanga,Urban,09,Recreation and culture,22246428.70910519,4.0,39500.0,2688664614.1235967,0.83
Muhanga,Urban,10,Education,4922678.865586563,109.0,262.0,2688664614.1235967,0.18
Muhanga,Urban,12,Miscellaneous,51342244.84396297,34.0,9644.0,2688664614.1235967,1.91
Muhanga,Rural,01,Food and non-alcoholic beverages,747330355.225612,367.0,10509.0,4467185676.82267,16.73
Muhanga,Rural,02,Alcoholic beverages and tobacco,2023017.2892780208,4.0,2600.0,4467185676.82267,0.05
Muhanga,Rural,03,Clothing and footwear,642208145.1555839,146.0,22949.0,4467185676.82267,14.38
Muhanga,Rural,04,Housing and utilities,274074527.78525245,309.0,4548.0,4467185676.82267,6.14
Muhanga,Rural,05,Furnishing and household,2263997031.2601743,368.0,31858.0,4467185676.82267,50.68
Muhanga,Rural,06,Health,399744127.33705074,93.0,21553.0,4467185676.82267,8.95
Muhanga,Rural,07,Transport,21999887.726996504,15.0,7223.0,4467185676.82267,0.49
Muhanga,Rural,08,Communication,5022573.633540726,71.0,367.0,4467185676.82267,0.11
Muhanga,Rural,09,Recreation and culture,141000.0411315597,3.0,233.0,4467185676.82267,0.0
Muhanga,Rural,10,Education,13798350.433444146,354.0,201.0,4467185676.82267,0.31
Muhanga,Rural,11,Restaurants and hotels,1110909.2740484928,1.0,6000.0,4467185676.82267,0.02
Muhanga,Rural,12,Miscellaneous,95735751.66055651,69.0,7267.0,4467185676.82267,2.14
Kamonyi,Urban,01,Food and non-alcoholic beverages,636697051.8247375,149.0,17925.0,1453851807.4641874,43.79
Kamonyi,Urban,02,Alcoholic beverages and tobacco,162150.00407051007,3.0,233.0,1453851807.4641874,0.01
Kamonyi,Urban,03,Clothing and footwear,272532494.76543695,50.0,22982.0,1453851807.4641874,18.75
Kamonyi,Urban,04,Housing and utilities,171314008.1454155,82.0,8546.0,1453851807.4641874,11.78
Kamonyi,Urban,05,Furnishing and household,123269805.40051778,60.0,8403.0,1453851807.4641874,8.48
Kamonyi,Urban,06,Health,143226794.6006424,57.0,10482.0,1453851807.4641874,9.85
Kamonyi,Urban,07,Transport,46934388.028117836,6.0,32117.0,1453851807.4641874,3.23
Kamonyi,Urban,08,Communication,10170253.911012381,29.0,1464.0,1453851807.4641874,0.7
Kamonyi,Urban,09,Recreation and culture,1604349.3175744698,3.0,2233.0,1453851807.4641874,0.11
Kamonyi,Urban,12,Miscellaneous,47940511.46666191,31.0,6934.0,1453851807.4641874,3.3
Kamonyi,Rural,01,Food and non-alcoholic beverages,848184406.0245469,329.0,10888.0,2697860766.291877,31.44
Kamonyi,Rural,02,Alcoholic beverages and tobacco,234037.85868434864,4.0,262.0,2697860766.291877,0.01
Kamonyi,Rural,03,Clothing and footwear,407602485.82767,112.0,15453.0,2697860766.291877,15.11
Kamonyi,Rural,04,Housing and utilities,494812718.52570987,273.0,7789.0,2697860766.291877,18.34
Kamonyi,Rural,05,Furnishing and household,245146502.8665231,116.0,9103.0,2697860766.291877,9.09
Kamonyi,Rural,06,Health,385383144.9258626,112.0,14476.0,2697860766.291877,14.28
Kamonyi,Rural,07,Transport,249290681.4379726,12.0,84754.0,2697860766.291877,9.24
Kamonyi,Rural,08,Communication,5786512.680971261,77.0,315.0,2697860766.291877,0.21
Kamonyi,Rural,09,Recreation and culture,4195598.222801678,7.0,2229.0,2697860766.291877,0.16
Kamonyi,Rural,10,Education,96105.5251526421,3.0,133.0,2697860766.291877,0.0
Kamonyi,Rural,11,Restaurants and hotels,2379418.7665926795,1.0,10000.0,2697860766.291877,0.09
Kamonyi,Rural,12,Miscellaneous,54749153.629389256,77.0,3042.0,2697860766.291877,2.03
Karongi,Urban,01,Food and non-alcoholic beverages,149574148.2509496,45.0,17485.0,733613192.189473,20.39
Karongi,Urban,03,Clothing and footwear,96032844.86089973,23.0,22383.0,733613192.189473,13.09
Karongi,Urban,04,Housing and utilities,51613467.52371664,23.0,12478.0,733613192.189473,7.04
Karongi,Urban,05,Furnishing and household,234270415.8386223,35.0,35037.0,733613192.189473,31.93
Karongi,Urban,06,Health,21513122.80767739,18.0,5939.0,733613192.189473,2.93
Karongi,Urban,07,Transport,3842332.49850007,4.0,6250.0,733613192.189473,0.52
Karongi,Urban,08,Communication,488979.9814626755,5.0,560.0,733613192.189473,0.07
Karongi,Urban,09,Recreation and culture,526048.6184018664,2.0,1250.0,733613192.189473,0.07
Karongi,Urban,10,Education,524250.3194683538,14.0,200.0,733613192.189473,0.07
Karongi,Urban,11,Restaurants and hotels,160844525.63429573,3.0,249667.0,733613192.189473,21.92
Karongi,Urban,12,Miscellaneous,14383055.855478594,13.0,5877.0,733613192.189473,1.96
Karongi,Rural,01,Food and non-alcoholic beverages,696044044.0020915,441.0,8781.0,4745215027.057632,14.67
Karongi,Rural,02,Alcoholic beverages and tobacco,86059.50899314281,2.0,250.0,4745215027.057632,0.0
Karongi,Rural,03,Clothing and footwear,531669490.3727685,184.0,16025.0,4745215027.057632,11.2
Karongi,Rural,04,Housing and utilities,1027839786.7144136,402.0,14076.0,4745215027.057632,21.66
Karongi,Rural,05,Furnishing and household,2190436751.854706,373.0,32603.0,4745215027.057632,46.16
Karongi,Rural,06,Health,144628750.1290225,92.0,8766.0,4745215027.057632,3.05
Karongi,Rural,07,Transport,9465119.398287356,20.0,2680.0,4745215027.057632,0.2
Karongi,Rural,08,Communication,4812846.796024733,70.0,386.0,4745215027.057632,0.1
Karongi,Rural,09,Recreation and culture,3841277.0279897843,9.0,2044.0,4745215027.057632,0.08
Karongi,Rural,10,Education,5596225.525027841,136.0,229.0,4745215027.057632,0.12
Karongi,Rural,11,Restaurants and hotels,30611729.36411032,1.0,170000.0,4745215027.057632,0.65
Karongi,Rural,12,Miscellaneous,100182946.36419728,95.0,5968.0,4745215027.057632,2.11
Rutsiro,Urban,01,Food and non-alcoholic beverages,67236660.05505413,27.0,13869.0,243764970.12285367,27.58
Rutsiro,Urban,02,Alcoholic beverages and tobacco,18100.50925925926,1.0,100.0,243764970.12285367,0.01
Rutsiro,Urban,03,Clothing and footwear,58616874.79427521,15.0,22700.0,243764970.12285367,24.05
Rutsiro,Urban,04,Housing and utilities,30467369.8947696,22.0,7912.0,243764970.12285367,12.5
Rutsiro,Urban,05,Furnishing and household,68003520.71613741,26.0,14735.0,243764970.12285367,27.9
Rutsiro,Urban,06,Health,7095666.931799167,13.0,3072.0,243764970.12285367,2.91
Rutsiro,Urban,07,Transport,579216.2962962963,1.0,3200.0,243764970.12285367,0.24
Rutsiro,Urban,08,Communication,217897.10999239847,4.0,300.0,243764970.12285367,0.09
Rutsiro,Urban,09,Recreation and culture,6567151.155285916,2.0,19500.0,243764970.12285367,2.69
Rutsiro,Urban,10,Education,1522935.5080341732,14.0,614.0,243764970.12285367,0.62
Rutsiro,Urban,12,Miscellaneous,3439577.151950097,11.0,1791.0,243764970.12285367,1.41
Rutsiro,Rural,01,Food and non-alcoholic beverages,1047314075.0578647,459.0,13246.0,3232356492.8184032,32.4
Rutsiro,Rural,02,Alcoholic beverages and tobacco,3007701.401307147,11.0,1645.0,3232356492.8184032,0.09
Rutsiro,Rural,03,Clothing and footwear,441884018.80529106,199.0,12866.0,3232356492.8184032,13.67
Rutsiro,Rural,04,Housing and utilities,405727321.69284,419.0,5612.0,3232356492.8184032,12.55
Rutsiro,Rural,05,Furnishing and household,982524307.8430561,419.0,13635.0,3232356492.8184032,30.4
Rutsiro,Rural,06,Health,177958030.60497597,108.0,9736.0,3232356492.8184032,5.51
Rutsiro,Rural,07,Transport,1999502.970833622,11.0,1091.0,3232356492.8184032,0.06
Rutsiro,Rural,08,Communication,2546943.5550137754,55.0,275.0,3232356492.8184032,0.08
Rutsiro,Rural,09,Recreation and culture,2560589.623407046,10.0,1480.0,3232356492.8184032,0.08
Rutsiro,Rural,10,Education,22519005.593749877,238.0,550.0,3232356492.8184032,0.7
Rutsiro,Rural,11,Restaurants and hotels,41938430.01069611,3.0,78333.0,3232356492.8184032,1.3
Rutsiro,Rural,12,Miscellaneous,102376565.65936834,108.0,5415.0,3232356492.8184032,3.17
Rubavu,Urban,01,Food and non-alcoholic beverages,1483068156.8381786,257.0,21760.0,4022478456.5959826,36.87
Rubavu,Urban,02,Alcoholic beverages and tobacco,61879.08102781442,2.0,125.0,4022478456.5959826,0.0
Rubavu,Urban,03,Clothing and footwear,814175491.849793,118.0,26770.0,4022478456.5959826,20.24
Rubavu,Urban,04,Housing and utilities,505623777.73802495,86.0,22000.0,4022478456.5959826,12.57
Rubavu,Urban,05,Furnishing and household,619396803.7543416,96.0,24239.0,4022478456.5959826,15.4
Rubavu,Urban,06,Health,194295630.41861457,96.0,7960.0,4022478456.5959826,4.83
Rubavu,Urban,07,Transport,22595964.387925595,22.0,4018.0,4022478456.5959826,0.56
Rubavu,Urban,08,Communication,9997350.479073392,44.0,878.0,4022478456.5959826,0.25
Rubavu,Urban,09,Recreation and culture,27443126.481827013,18.0,6222.0,4022478456.5959826,0.68
Rubavu,Urban,10,Education,134195.25862068965,3.0,200.0,4022478456.5959826,0.0
Rubavu,Urban,11,Restaurants and hotels,103586400.78502733,4.0,115500.0,4022478456.5959826,2.58
Rubavu,Urban,12,Miscellaneous,242099679.5235273,77.0,12246.0,4022478456.5959826,6.02
Rubavu,Rural,01,Food and non-alcoholic beverages,718454815.504155,225.0,13091.0,2315344015.249119,31.03
Rubavu,Rural,02,Alcoholic beverages and tobacco,280861.99805384694,4.0,275.0,2315344015.249119,0.01
Rubavu,Rural,03,Clothing and footwear,400464067.8517166,105.0,15608.0,2315344015.249119,17.3
Rubavu,Rural,04,Housing and utilities,428014858.3578343,182.0,9601.0,2315344015.249119,18.49
Rubavu,Rural,05,Furnishing and household,572434020.5284712,112.0,21071.0,2315344015.249119,24.72
Rubavu,Rural,06,Health,139309336.74975905,77.0,7353.0,2315344015.249119,6.02
Rubavu,Rural,07,Transport,5309278.6262622,12.0,1758.0,2315344015.249119,0.23
Rubavu,Rural,08,Communication,6559080.596770003,61.0,435.0,2315344015.249119,0.28
Rubavu,Rural,09,Recreation and culture,2306213.5177588887,14.0,679.0,2315344015.249119,0.1
Rubavu,Rural,10,Education,23581.601677148847,1.0,100.0,2315344015.249119,0.0
Rubavu,Rural,12,Miscellaneous,42187899.91666011,66.0,2631.0,2315344015.249119,1.82
Nyabihu,Urban,01,Food and non-alcoholic beverages,370460830.22860456,116.0,19922.0,1774959891.4040136,20.87
Nyabihu,Urban,03,Clothing and footwear,235670753.09256625,49.0,30208.0,1774959891.4040136,13.28
Nyabihu,Urban,04,Housing and utilities,649175144.1206461,88.0,45819.0,1774959891.4040136,36.57
Nyabihu,Urban,05,Furnishing and household,436101198.1453336,84.0,32257.0,1774959891.4040136,24.57
Nyabihu,Urban,06,Health,46205343.7365856,39.0,7368.0,1774959891.4040136,2.6
Nyabihu,Urban,07,Transport,988780.3400722017,6.0,1033.0,1774959891.4040136,0.06
Nyabihu,Urban,08,Communication,1444463.4421631107,23.0,389.0,1774959891.4040136,0.08
Nyabihu,Urban,09,Recreation and culture,3189267.8291131137,4.0,5275.0,1774959891.4040136,0.18
Nyabihu,Urban,10,Education,225478.7533370584,2.0,700.0,1774959891.4040136,0.01
Nyabihu,Urban,12,Miscellaneous,31498631.715592127,27.0,7337.0,1774959891.4040136,1.77
Nyabihu,Rural,01,Food and non-alcoholic beverages,652995608.0022069,369.0,11532.0,3693217014.352029,17.68
Nyabihu,Rural,02,Alcoholic beverages and tobacco,829240.4777316082,6.0,858.0,3693217014.352029,0.02
Nyabihu,Rural,03,Clothing and footwear,328800582.1675766,130.0,17602.0,3693217014.352029,8.9
Nyabihu,Rural,04,Housing and utilities,1468807680.3293638,348.0,27297.0,3693217014.352029,39.77
Nyabihu,Rural,05,Furnishing and household,1029023571.9702711,255.0,26191.0,3693217014.352029,27.86
Nyabihu,Rural,06,Health,163749715.24212626,102.0,11184.0,3693217014.352029,4.43
Nyabihu,Rural,07,Transport,1151850.6439590016,12.0,608.0,3693217014.352029,0.03
Nyabihu,Rural,08,Communication,5810593.266521165,112.0,336.0,3693217014.352029,0.16
Nyabihu,Rural,09,Recreation and culture,10437661.79744787,7.0,9471.0,3693217014.352029,0.28
Nyabihu,Rural,10,Education,881022.3798895751,14.0,436.0,3693217014.352029,0.02
Nyabihu,Rural,12,Miscellaneous,30729488.074934654,53.0,3855.0,3693217014.352029,0.83
Ngororero,Urban,01,Food and non-alcoholic beverages,49153203.54184327,27.0,11175.0,330335635.57264245,14.88
Ngororero,Urban,03,Clothing and footwear,29618876.343176942,12.0,15050.0,330335635.57264245,8.97
Ngororero,Urban,04,Housing and utilities,7219046.156700806,20.0,2198.0,330335635.57264245,2.19
Ngororero,Urban,05,Furnishing and household,149214067.5363788,25.0,37224.0,330335635.57264245,45.17
Ngororero,Urban,06,Health,9408163.594954954,15.0,3880.0,330335635.57264245,2.85
Ngororero,Urban,07,Transport,76534850.94527365,2.0,246847.0,330335635.57264245,23.17
Ngororero,Urban,08,Communication,77512.4378109453,2.0,250.0,330335635.57264245,0.02
Ngororero,Urban,09,Recreation and culture,155024.87562189056,1.0,1000.0,330335635.57264245,0.05
Ngororero,Urban,10,Education,2746456.0111402823,24.0,708.0,330335635.57264245,0.83
Ngororero,Urban,12,Miscellaneous,6208434.129740884,8.0,4738.0,330335635.57264245,1.88
Ngororero,Rural,01,Food and non-alcoholic beverages,714645895.0337415,457.0,8279.0,3633145976.0079937,19.67
Ngororero,Rural,02,Alcoholic beverages and tobacco,2260433.4945720546,11.0,1127.0,3633145976.0079937,0.06
Ngororero,Rural,03,Clothing and footwear,475324227.46267605,181.0,13898.0,3633145976.0079937,13.08
Ngororero,Rural,04,Housing and utilities,569026725.837431,429.0,6929.0,3633145976.0079937,15.66
Ngororero,Rural,05,Furnishing and household,1587534709.8926973,287.0,29217.0,3633145976.0079937,43.7
Ngororero,Rural,06,Health,115338853.87959166,127.0,4829.0,3633145976.0079937,3.17
Ngororero,Rural,07,Transport,11024535.127823366,18.0,3439.0,3633145976.0079937,0.3
Ngororero,Rural,08,Communication,6242015.712912499,109.0,306.0,3633145976.0079937,0.17
Ngororero,Rural,09,Recreation and culture,7393671.32425342,11.0,3282.0,3633145976.0079937,0.2
Ngororero,Rural,10,Education,57374326.624241084,437.0,702.0,3633145976.0079937,1.58
Ngororero,Rural,11,Restaurants and hotels,19736559.35347112,1.0,105000.0,3633145976.0079937,0.54
Ngororero,Rural,12,Miscellaneous,67244022.26458222,97.0,3618.0,3633145976.0079937,1.85
Rusizi,Urban,01,Food and non-alcoholic beverages,619402754.9115207,161.0,17850.0,2043090465.2614923,30.32
Rusizi,Urban,02,Alcoholic beverages and tobacco,3431019.0322788064,1.0,16665.0,2043090465.2614923,0.17
Rusizi,Urban,03,Clothing and footwear,652458278.3756465,95.0,31533.0,2043090465.2614923,31.93
Rusizi,Urban,04,Housing and utilities,97195693.00134389,77.0,5495.0,2043090465.2614923,4.76
Rusizi,Urban,05,Furnishing and household,369577005.7500685,70.0,24234.0,2043090465.2614923,18.09
Rusizi,Urban,06,Health,192235766.69504556,50.0,17737.0,2043090465.2614923,9.41
Rusizi,Urban,07,Transport,3227095.824756755,14.0,1089.0,2043090465.2614923,0.16
Rusizi,Urban,08,Communication,3171538.814751566,36.0,410.0,2043090465.2614923,0.16
Rusizi,Urban,09,Recreation and culture,8594478.049069772,10.0,3950.0,2043090465.2614923,0.42
Rusizi,Urban,10,Education,7045274.574952548,48.0,681.0,2043090465.2614923,0.34
Rusizi,Urban,12,Miscellaneous,86751560.23205717,54.0,7672.0,2043090465.2614923,4.25
Rusizi,Rural,01,Food and non-alcoholic beverages,783379773.8760124,323.0,11193.0,2839736746.4674172,27.59
Rusizi,Rural,02,Alcoholic beverages and tobacco,3930680.2820624043,6.0,3067.0,2839736746.4674172,0.14
Rusizi,Rural,03,Clothing and footwear,761183683.274617,163.0,21765.0,2839736746.4674172,26.8
Rusizi,Rural,04,Housing and utilities,240083063.84110332,284.0,3872.0,2839736746.4674172,8.45
Rusizi,Rural,05,Furnishing and household,806086942.0770824,155.0,24239.0,2839736746.4674172,28.39
Rusizi,Rural,06,Health,114618990.5733808,99.0,5290.0,2839736746.4674172,4.04
Rusizi,Rural,07,Transport,11006458.383930817,24.0,2104.0,2839736746.4674172,0.39
Rusizi,Rural,08,Communication,8952126.517959852,88.0,468.0,2839736746.4674172,0.32
Rusizi,Rural,09,Recreation and culture,3718507.3250094308,11.0,1477.0,2839736746.4674172,0.13
Rusizi,Rural,10,Education,16077054.387598226,107.0,693.0,2839736746.4674172,0.57
Rusizi,Rural,11,Restaurants and hotels,3570463.567394784,2.0,8000.0,2839736746.4674172,0.13
Rusizi,Rural,12,Miscellaneous,87129002.36126567,84.0,4787.0,2839736746.4674172,3.07
Nyamasheke,Urban,01,Food and non-alcoholic beverages,131334049.81568554,36.0,15440.0,535166033.9777694,24.54
Nyamasheke,Urban,03,Clothing and footwear,184297384.99025956,22.0,37259.0,535166033.9777694,34.44
Nyamasheke,Urban,04,Housing and utilities,54087228.791674905,24.0,10125.0,535166033.9777694,10.11
Nyamasheke,Urban,05,Furnishing and household,70689056.56195095,32.0,9753.0,535166033.9777694,13.21
Nyamasheke,Urban,06,Health,74527587.02521726,17.0,19062.0,535166033.9777694,13.93
Nyamasheke,Urban,07,Transport,2925345.084936545,2.0,7250.0,535166033.9777694,0.55
Nyamasheke,Urban,08,Communication,80182.38831615119,1.0,300.0,535166033.9777694,0.01
Nyamasheke,Urban,10,Education,3454966.887144701,31.0,481.0,535166033.9777694,0.65
Nyamasheke,Urban,12,Miscellaneous,13770232.432583837,10.0,5720.0,535166033.9777694,2.57
Nyamasheke,Rural,01,Food and non-alcoholic beverages,924234853.8434535,450.0,10458.0,4126298970.198241,22.4
Nyamasheke,Rural,02,Alcoholic beverages and tobacco,2912820.5340223946,3.0,5033.0,4126298970.198241,0.07
Nyamasheke,Rural,03,Clothing and footwear,1185779148.5820143,255.0,23690.0,4126298970.198241,28.74
Nyamasheke,Rural,04,Housing and utilities,555098762.7445177,407.0,6962.0,4126298970.198241,13.45
Nyamasheke,Rural,05,Furnishing and household,861759607.9409305,436.0,10060.0,4126298970.198241,20.88
Nyamasheke,Rural,06,Health,354262095.2261366,143.0,12595.0,4126298970.198241,8.59
Nyamasheke,Rural,07,Transport,25679526.655497897,24.0,5575.0,4126298970.198241,0.62
Nyamasheke,Rural,08,Communication,5069907.309389113,68.0,379.0,4126298970.198241,0.12
Nyamasheke,Rural,09,Recreation and culture,2346584.1463710167,4.0,2975.0,4126298970.198241,0.06
Nyamasheke,Rural,10,Education,38860676.53883162,406.0,487.0,4126298970.198241,0.94
Nyamasheke,Rural,11,Restaurants and hotels,50277732.433108285,3.0,76667.0,4126298970.198241,1.22
Nyamasheke,Rural,12,Miscellaneous,120017254.2439687,104.0,5930.0,4126298970.198241,2.91
Rulindo,Urban,01,Food and non-alcoholic beverages,263904075.4015107,54.0,27398.0,1086803884.0769649,24.28
Rulindo,Urban,02,Alcoholic beverages and tobacco,27909.939236111113,1.0,150.0,1086803884.0769649,0.0
Rulindo,Urban,03,Clothing and footwear,42053889.306909144,16.0,14219.0,1086803884.0769649,3.87
Rulindo,Urban,04,Housing and utilities,206501965.35225368,35.0,32449.0,1086803884.0769649,19.0
Rulindo,Urban,05,Furnishing and household,252824533.0657538,41.0,33993.0,1086803884.0769649,23.26
Rulindo,Urban,06,Health,11847734.2061045,14.0,4871.0,1086803884.0769649,1.09
Rulindo,Urban,07,Transport,292324164.11814463,3.0,524033.0,1086803884.0769649,26.9
Rulindo,Urban,08,Communication,846273.0253972122,8.0,575.0,1086803884.0769649,0.08
Rulindo,Urban,09,Recreation and culture,2206273.6625514403,3.0,4667.0,1086803884.0769649,0.2
Rulindo,Urban,10,Education,176316.34642160957,1.0,1000.0,1086803884.0769649,0.02
Rulindo,Urban,12,Miscellaneous,14090749.652681971,10.0,8005.0,1086803884.0769649,1.3
Rulindo,Rural,01,Food and non-alcoholic beverages,1065391855.8571614,431.0,13119.0,5484220761.087292,19.43
Rulindo,Rural,02,Alcoholic beverages and tobacco,2074202.9597008545,4.0,2925.0,5484220761.087292,0.04
Rulindo,Rural,03,Clothing and footwear,397701546.69390786,128.0,16326.0,5484220761.087292,7.25
Rulindo,Rural,04,Housing and utilities,1601679966.644375,402.0,20978.0,5484220761.087292,29.21
Rulindo,Rural,05,Furnishing and household,2189563366.4967136,381.0,30466.0,5484220761.087292,39.92
Rulindo,Rural,06,Health,171800079.79445523,134.0,6813.0,5484220761.087292,3.13
Rulindo,Rural,07,Transport,5036997.455454818,11.0,2382.0,5484220761.087292,0.09
Rulindo,Rural,08,Communication,5777944.430238471,88.0,348.0,5484220761.087292,0.11
Rulindo,Rural,09,Recreation and culture,2476587.6628444996,8.0,1638.0,5484220761.087292,0.05
Rulindo,Rural,10,Education,59486.18827160493,1.0,300.0,5484220761.087292,0.0
Rulindo,Rural,12,Miscellaneous,42658726.90416823,74.0,3054.0,5484220761.087292,0.78
Gakenke,Urban,01,Food and non-alcoholic beverages,81163598.58124156,18.0,18055.0,197174386.30701292,41.16
Gakenke,Urban,02,Alcoholic beverages and tobacco,1060343.2228039557,1.0,5000.0,197174386.30701292,0.54
Gakenke,Urban,03,Clothing and footwear,19776436.849589553,5.0,15600.0,197174386.30701292,10.03
Gakenke,Urban,04,Housing and utilities,14643680.484363705,11.0,5335.0,197174386.30701292,7.43
Gakenke,Urban,05,Furnishing and household,75019212.39445062,18.0,16556.0,197174386.30701292,38.05
Gakenke,Urban,06,Health,3074200.883177323,3.0,4000.0,197174386.30701292,1.56
Gakenke,Urban,07,Transport,1354441.6386083052,1.0,5000.0,197174386.30701292,0.69
Gakenke,Urban,08,Communication,253242.42277340006,4.0,250.0,197174386.30701292,0.13
Gakenke,Urban,10,Education,127241.18673647469,3.0,200.0,197174386.30701292,0.06
Gakenke,Urban,12,Miscellaneous,701988.6432680498,3.0,900.0,197174386.30701292,0.36
Gakenke,Rural,01,Food and non-alcoholic beverages,780500108.6442251,468.0,8633.0,4262599400.850233,18.31
Gakenke,Rural,02,Alcoholic beverages and tobacco,1196362.3482598152,9.0,667.0,4262599400.850233,0.03
Gakenke,Rural,03,Clothing and footwear,493575767.40700346,190.0,13572.0,4262599400.850233,11.58
Gakenke,Rural,04,Housing and utilities,133816027.5838505,421.0,1672.0,4262599400.850233,3.14
Gakenke,Rural,05,Furnishing and household,2457258308.639118,463.0,27874.0,4262599400.850233,57.65
Gakenke,Rural,06,Health,277680523.97281694,116.0,12931.0,4262599400.850233,6.51
Gakenke,Rural,07,Transport,25516989.917992726,25.0,5672.0,4262599400.850233,0.6
Gakenke,Rural,08,Communication,10249388.81888764,125.0,420.0,4262599400.850233,0.24
Gakenke,Rural,09,Recreation and culture,5677993.324423261,13.0,2300.0,4262599400.850233,0.13
Gakenke,Rural,10,Education,13431085.370334707,141.0,497.0,4262599400.850233,0.32
Gakenke,Rural,12,Miscellaneous,63696844.82332134,91.0,3757.0,4262599400.850233,1.49
Musanze,Urban,01,Food and non-alcoholic beverages,1217866271.1911118,241.0,20962.0,5157411352.792228,23.61
Musanze,Urban,02,Alcoholic beverages and tobacco,1493702.2884580856,3.0,2000.0,5157411352.792228,0.03
Musanze,Urban,03,Clothing and footwear,904792561.0883472,111.0,34114.0,5157411352.792228,17.54
Musanze,Urban,04,Housing and utilities,202549499.63111258,107.0,7611.0,5157411352.792228,3.93
Musanze,Urban,05,Furnishing and household,915967755.579942,134.0,28214.0,5157411352.792228,17.76
Musanze,Urban,06,Health,121178765.15549977,58.0,8626.0,5157411352.792228,2.35
Musanze,Urban,07,Transport,927766095.0596911,21.0,172979.0,5157411352.792228,17.99
Musanze,Urban,08,Communication,8939859.269282633,30.0,1210.0,5157411352.792228,0.17
Musanze,Urban,09,Recreation and culture,4520227.13222364,6.0,3333.0,5157411352.792228,0.09
Musanze,Urban,10,Education,342392.7987970422,2.0,700.0,5157411352.792228,0.01
Musanze,Urban,11,Restaurants and hotels,640475087.6908637,7.0,357429.0,5157411352.792228,12.42
Musanze,Urban,12,Miscellaneous,211519135.90689868,50.0,16769.0,5157411352.792228,4.1
Musanze,Rural,01,Food and non-alcoholic beverages,694258225.0492859,243.0,11375.0,2642398734.4908323,26.27
Musanze,Rural,02,Alcoholic beverages and tobacco,4450020.733496268,7.0,2679.0,2642398734.4908323,0.17
Musanze,Rural,03,Clothing and footwear,313013933.1388246,99.0,12563.0,2642398734.4908323,11.85
Musanze,Rural,04,Housing and utilities,298403687.0171643,223.0,5209.0,2642398734.4908323,11.29
Musanze,Rural,05,Furnishing and household,1168529348.767786,167.0,27453.0,2642398734.4908323,44.22
Musanze,Rural,06,Health,107602640.6024757,54.0,8064.0,2642398734.4908323,4.07
Musanze,Rural,07,Transport,18250779.60868448,15.0,4700.0,2642398734.4908323,0.69
Musanze,Rural,08,Communication,3578401.073802515,48.0,299.0,2642398734.4908323,0.14
Musanze,Rural,09,Recreation and culture,2456545.4402325787,2.0,5050.0,2642398734.4908323,0.09
Musanze,Rural,10,Education,74216.52421652421,2.0,150.0,2642398734.4908323,0.0
Musanze,Rural,11,Restaurants and hotels,9842948.85361552,1.0,40000.0,2642398734.4908323,0.37
Musanze,Rural,12,Miscellaneous,21937987.681247953,40.0,2218.0,2642398734.4908323,0.83
Burera,Urban,01,Food and non-alcoholic beverages,140748309.56528953,44.0,17576.0,447744707.60342133,31.43
Burera,Urban,03,Clothing and footwear,25379484.155717365,8.0,17625.0,447744707.60342133,5.67
Burera,Urban,04,Housing and utilities,43896289.7949733,35.0,6489.0,447744707.60342133,9.8
Burera,Urban,05,Furnishing and household,216007592.50380683,34.0,33906.0,447744707.60342133,48.24
Burera,Urban,06,Health,15592004.36689329,10.0,8084.0,447744707.60342133,3.48
Burera,Urban,07,Transport,95710.25641025642,1.0,600.0,447744707.60342133,0.02
Burera,Urban,08,Communication,347818.3793138876,4.0,425.0,447744707.60342133,0.08
Burera,Urban,09,Recreation and culture,1266769.029500965,2.0,3950.0,447744707.60342133,0.28
Burera,Urban,10,Education,984810.487519554,14.0,357.0,447744707.60342133,0.22
Burera,Urban,12,Miscellaneous,3425919.063996303,8.0,2269.0,447744707.60342133,0.77
Burera,Rural,01,Food and non-alcoholic beverages,857316235.2569835,439.0,10441.0,3896607936.869143,22.0
Burera,Rural,02,Alcoholic beverages and tobacco,7197863.017369626,16.0,2425.0,3896607936.869143,0.18
Burera,Rural,03,Clothing and footwear,217169712.12830782,92.0,12673.0,3896607936.869143,5.57
Burera,Rural,04,Housing and utilities,973849842.4475145,407.0,12921.0,3896607936.869143,24.99
Burera,Rural,05,Furnishing and household,1596571695.8349931,293.0,29136.0,3896607936.869143,40.97
Burera,Rural,06,Health,163564489.03055394,78.0,11348.0,3896607936.869143,4.2
Burera,Rural,07,Transport,20744663.278882567,20.0,5530.0,3896607936.869143,0.53
Burera,Rural,08,Communication,5520315.528990626,82.0,360.0,3896607936.869143,0.14
Burera,Rural,09,Recreation and culture,108515.70082191164,2.0,300.0,3896607936.869143,0.0
Burera,Rural,10,Education,8254848.801781044,113.0,394.0,3896607936.869143,0.21
Burera,Rural,12,Miscellaneous,46309755.8429442,64.0,3910.0,3896607936.869143,1.19
Gicumbi,Urban,01,Food and non-alcoholic beverages,177512997.22180885,27.0,25039.0,605234578.3766973,29.33
Gicumbi,Urban,03,Clothing and footwear,160066530.25038797,6.0,103333.0,605234578.3766973,26.45
Gicumbi,Urban,04,Housing and utilities,86363078.76913813,16.0,20521.0,605234578.3766973,14.27
Gicumbi,Urban,05,Furnishing and household,125503049.18583374,13.0,35923.0,605234578.3766973,20.74
Gicumbi,Urban,06,Health,5866193.586269196,8.0,2750.0,605234578.3766973,0.97
Gicumbi,Urban,08,Communication,764506.4762698909,3.0,933.0,605234578.3766973,0.13
Gicumbi,Urban,09,Recreation and culture,7731239.316239316,1.0,30000.0,605234578.3766973,1.28
Gicumbi,Urban,11,Restaurants and hotels,30924957.264957264,1.0,120000.0,605234578.3766973,5.11
Gicumbi,Urban,12,Miscellaneous,10502026.305792974,4.0,10175.0,605234578.3766973,1.74
Gicumbi,Rural,01,Food and non-alcoholic beverages,1050767650.1171422,456.0,10245.0,4983617308.196051,21.08
Gicumbi,Rural,02,Alcoholic beverages and tobacco,5430323.161084096,8.0,2994.0,4983617308.196051,0.11
Gicumbi,Rural,03,Clothing and footwear,527669061.77440083,137.0,17052.0,4983617308.196051,10.59
Gicumbi,Rural,04,Housing and utilities,1295927283.9535575,433.0,13472.0,4983617308.196051,26.0
Gicumbi,Rural,05,Furnishing and household,1790855444.0143778,272.0,29418.0,4983617308.196051,35.93
Gicumbi,Rural,06,Health,202736433.57445225,134.0,6649.0,4983617308.196051,4.07
Gicumbi,Rural,07,Transport,11094222.248537038,18.0,2789.0,4983617308.196051,0.22
Gicumbi,Rural,08,Communication,12020548.527951518,103.0,521.0,4983617308.196051,0.24
Gicumbi,Rural,09,Recreation and culture,9480444.130195942,13.0,3162.0,4983617308.196051,0.19
Gicumbi,Rural,10,Education,124661.03700132147,2.0,275.0,4983617308.196051,0.0
Gicumbi,Rural,11,Restaurants and hotels,4336127.869951399,1.0,20000.0,4983617308.196051,0.09
Gicumbi,Rural,12,Miscellaneous,73175107.78739837,72.0,4627.0,4983617308.196051,1.47
Rwamagana,Urban,01,Food and non-alcoholic beverages,979775043.0126778,175.0,21462.0,3494046793.8511724,28.04
Rwamagana,Urban,03,Clothing and footwear,832369619.2045166,80.0,40589.0,3494046793.8511724,23.82
Rwamagana,Urban,04,Housing and utilities,536535986.75917435,88.0,24600.0,3494046793.8511724,15.36
Rwamagana,Urban,05,Furnishing and household,442312946.5060285,69.0,25268.0,3494046793.8511724,12.66
Rwamagana,Urban,06,Health,124710667.10679355,39.0,13159.0,3494046793.8511724,3.57
Rwamagana,Urban,07,Transport,291832719.3411647,10.0,96690.0,3494046793.8511724,8.35
Rwamagana,Urban,08,Communication,10982395.514450457,28.0,1534.0,3494046793.8511724,0.31
Rwamagana,Urban,09,Recreation and culture,24796726.54260479,5.0,16100.0,3494046793.8511724,0.71
Rwamagana,Urban,11,Restaurants and hotels,61735329.71996386,1.0,200000.0,3494046793.8511724,1.77
Rwamagana,Urban,12,Miscellaneous,188995360.14379779,44.0,18332.0,3494046793.8511724,5.41
Rwamagana,Rural,01,Food and non-alcoholic beverages,943909639.3031317,306.0,11720.0,3825337984.9976516,24.68
Rwamagana,Rural,02,Alcoholic beverages and tobacco,3358107.391296263,6.0,2100.0,3825337984.9976516,0.09
Rwamagana,Rural,03,Clothing and footwear,552454170.9867947,116.0,18127.0,3825337984.9976516,14.44
Rwamagana,Rural,04,Housing and utilities,1658205715.1126435,280.0,22823.0,3825337984.9976516,43.35
Rwamagana,Rural,05,Furnishing and household,244425090.80700582,102.0,9078.0,3825337984.9976516,6.39
Rwamagana,Rural,06,Health,232881045.72702202,61.0,14523.0,3825337984.9976516,6.09
Rwamagana,Rural,07,Transport,8062207.5504595125,15.0,2060.0,3825337984.9976516,0.21
Rwamagana,Rural,08,Communication,5307147.49300595,43.0,474.0,3825337984.9976516,0.14
Rwamagana,Rural,09,Recreation and culture,31776425.35816267,9.0,13344.0,3825337984.9976516,0.83
Rwamagana,Rural,12,Miscellaneous,144958435.26812965,63.0,8965.0,3825337984.9976516,3.79
Nyagatare,Urban,01,Food and non-alcoholic beverages,377972561.1355189,114.0,10731.0,1727313437.253401,21.88
Nyagatare,Urban,02,Alcoholic beverages and tobacco,76371.39001349529,1.0,200.0,1727313437.253401,0.0
Nyagatare,Urban,03,Clothing and footwear,260523255.38507837,37.0,22697.0,1727313437.253401,15.08
Nyagatare,Urban,04,Housing and utilities,390730684.92691517,81.0,15014.0,1727313437.253401,22.62
Nyagatare,Urban,05,Furnishing and household,432297738.1927283,68.0,19879.0,1727313437.253401,25.03
Nyagatare,Urban,06,Health,225079909.57954448,19.0,36142.0,1727313437.253401,13.03
Nyagatare,Urban,07,Transport,2013760.9640986065,5.0,1200.0,1727313437.253401,0.12
Nyagatare,Urban,08,Communication,1451414.208079158,15.0,307.0,1727313437.253401,0.08
Nyagatare,Urban,09,Recreation and culture,138146.38694638698,1.0,500.0,1727313437.253401,0.01
Nyagatare,Urban,10,Education,83620.62552831783,2.0,200.0,1727313437.253401,0.0
Nyagatare,Urban,12,Miscellaneous,36945974.45895,24.0,5065.0,1727313437.253401,2.14
Nyagatare,Rural,01,Food and non-alcoholic beverages,978484109.473376,367.0,8424.0,4404363165.64224,22.22
Nyagatare,Rural,02,Alcoholic beverages and tobacco,10126312.77144779,6.0,7308.0,4404363165.64224,0.23
Nyagatare,Rural,03,Clothing and footwear,659293782.2453576,106.0,20014.0,4404363165.64224,14.97
Nyagatare,Rural,04,Housing and utilities,1379061165.9543138,325.0,13537.0,4404363165.64224,31.31
Nyagatare,Rural,05,Furnishing and household,1120844945.8525467,227.0,14523.0,4404363165.64224,25.45
Nyagatare,Rural,06,Health,127194697.8890847,45.0,8988.0,4404363165.64224,2.89
Nyagatare,Rural,07,Transport,34787689.773600884,17.0,7247.0,4404363165.64224,0.79
Nyagatare,Rural,08,Communication,3499310.1328794817,38.0,284.0,4404363165.64224,0.08
Nyagatare,Rural,09,Recreation and culture,5674358.113986478,7.0,2614.0,4404363165.64224,0.13
Nyagatare,Rural,10,Education,460006.531366026,3.0,533.0,4404363165.64224,0.01
Nyagatare,Rural,12,Miscellaneous,84936786.90427995,53.0,5233.0,4404363165.64224,1.93
Gatsibo,Urban,01,Food and non-alcoholic beverages,184699730.95274958,45.0,13754.0,549526875.7714987,33.61
Gatsibo,Urban,02,Alcoholic beverages and tobacco,693821.5521885522,3.0,767.0,549526875.7714987,0.13
Gatsibo,Urban,03,Clothing and footwear,113454440.39902624,17.0,22465.0,549526875.7714987,20.65
Gatsibo,Urban,04,Housing and utilities,49358479.50646841,27.0,5859.0,549526875.7714987,8.98
Gatsibo,Urban,05,Furnishing and household,141939239.21825337,38.0,12318.0,549526875.7714987,25.83
Gatsibo,Urban,06,Health,44675448.34721405,12.0,12531.0,549526875.7714987,8.13
Gatsibo,Urban,07,Transport,5953908.841176896,7.0,2814.0,549526875.7714987,1.08
Gatsibo,Urban,08,Communication,633076.4521567385,9.0,233.0,549526875.7714987,0.12
Gatsibo,Urban,09,Recreation and culture,572076.7638221611,3.0,633.0,549526875.7714987,0.1
Gatsibo,Urban,10,Education,753130.9231393473,12.0,208.0,549526875.7714987,0.14
Gatsibo,Urban,12,Miscellaneous,6793522.815303325,12.0,1892.0,549526875.7714987,1.24
Gatsibo,Rural,01,Food and non-alcoholic beverages,1134437478.7648213,440.0,9764.0,4906028094.597067,23.12
Gatsibo,Rural,02,Alcoholic beverages and tobacco,18969296.860848185,27.0,2556.0,4906028094.597067,0.39
Gatsibo,Rural,03,Clothing and footwear,823719190.710542,202.0,15579.0,4906028094.597067,16.79
Gatsibo,Rural,04,Housing and utilities,670118434.7564633,396.0,6472.0,4906028094.597067,13.66
Gatsibo,Rural,05,Furnishing and household,957050991.030951,342.0,10702.0,4906028094.597067,19.51
Gatsibo,Rural,06,Health,819600848.1451716,133.0,23105.0,4906028094.597067,16.71
Gatsibo,Rural,07,Transport,240765187.30138725,53.0,16057.0,4906028094.597067,4.91
Gatsibo,Rural,08,Communication,12723571.596751573,110.0,439.0,4906028094.597067,0.26
Gatsibo,Rural,09,Recreation and culture,14480560.974128395,25.0,2132.0,4906028094.597067,0.3
Gatsibo,Rural,10,Education,10305867.955902053,119.0,329.0,4906028094.597067,0.21
Gatsibo,Rural,11,Restaurants and hotels,111012066.33264588,7.0,61429.0,4906028094.597067,2.26
Gatsibo,Rural,12,Miscellaneous,92844600.16745466,116.0,2975.0,4906028094.597067,1.89
Kayonza,Urban,01,Food and non-alcoholic beverages,267754376.39341316,71.0,15213.0,788536103.376883,33.96
Kayonza,Urban,02,Alcoholic beverages and tobacco,157102.22156495447,3.0,233.0,788536103.376883,0.02
Kayonza,Urban,03,Clothing and footwear,304374913.920765,38.0,29621.0,788536103.376883,38.6
Kayonza,Urban,04,Housing and utilities,70148155.50594369,36.0,7428.0,788536103.376883,8.9
Kayonza,Urban,05,Furnishing and household,33666241.598922946,25.0,5656.0,788536103.376883,4.27
Kayonza,Urban,06,Health,40704027.39169359,22.0,8008.0,788536103.376883,5.16
Kayonza,Urban,07,Transport,44625022.6896335,4.0,37900.0,788536103.376883,5.66
Kayonza,Urban,08,Communication,2456131.7447650284,13.0,731.0,788536103.376883,0.31
Kayonza,Urban,09,Recreation and culture,7257388.005652713,3.0,10333.0,788536103.376883,0.92
Kayonza,Urban,10,Education,725018.9378830799,15.0,200.0,788536103.376883,0.09
Kayonza,Urban,12,Miscellaneous,16667724.966645462,17.0,3941.0,788536103.376883,2.11
Kayonza,Rural,01,Food and non-alcoholic beverages,1025526404.5560478,413.0,9865.0,3255754689.863919,31.5
Kayonza,Rural,02,Alcoholic beverages and tobacco,6750943.782069308,18.0,1531.0,3255754689.863919,0.21
Kayonza,Rural,03,Clothing and footwear,786703528.4073772,137.0,21592.0,3255754689.863919,24.16
Kayonza,Rural,04,Housing and utilities,436555712.7140771,329.0,5192.0,3255754689.863919,13.41
Kayonza,Rural,05,Furnishing and household,407324720.8018799,129.0,12613.0,3255754689.863919,12.51
Kayonza,Rural,06,Health,390182862.6222406,84.0,19573.0,3255754689.863919,11.98
Kayonza,Rural,07,Transport,41129438.685047686,34.0,4938.0,3255754689.863919,1.26
Kayonza,Rural,08,Communication,4499712.73524839,36.0,493.0,3255754689.863919,0.14
Kayonza,Rural,09,Recreation and culture,28640839.886818904,10.0,12290.0,3255754689.863919,0.88
Kayonza,Rural,10,Education,19978579.46845746,97.0,868.0,3255754689.863919,0.61
Kayonza,Rural,12,Miscellaneous,108461946.20465425,97.0,4480.0,3255754689.863919,3.33
Kirehe,Urban,01,Food and non-alcoholic beverages,97708633.38762689,27.0,12407.0,336496703.3703087,29.04
Kirehe,Urban,03,Clothing and footwear,85376799.17739028,15.0,19147.0,336496703.3703087,25.37
Kirehe,Urban,04,Housing and utilities,44971062.778294966,23.0,6814.0,336496703.3703087,13.36
Kirehe,Urban,05,Furnishing and household,54431394.91270917,16.0,11653.0,336496703.3703087,16.18
Kirehe,Urban,06,Health,39745457.92838612,7.0,19257.0,336496703.3703087,11.81
Kirehe,Urban,07,Transport,1923052.1574295966,2.0,3250.0,336496703.3703087,0.57
Kirehe,Urban,08,Communication,1287801.2398034343,7.0,629.0,336496703.3703087,0.38
Kirehe,Urban,09,Recreation and culture,1123581.6266358215,3.0,1333.0,336496703.3703087,0.33
Kirehe,Urban,12,Miscellaneous,9928920.162032465,9.0,3778.0,336496703.3703087,2.95
Kirehe,Rural,01,Food and non-alcoholic beverages,1062974803.2777164,458.0,10770.0,4451445202.487836,23.88
Kirehe,Rural,02,Alcoholic beverages and tobacco,28518713.63286789,19.0,7200.0,4451445202.487836,0.64
Kirehe,Rural,03,Clothing and footwear,780547058.6457613,196.0,19014.0,4451445202.487836,17.53
Kirehe,Rural,04,Housing and utilities,1443520128.8260279,403.0,16963.0,4451445202.487836,32.43
Kirehe,Rural,05,Furnishing and household,598437486.3657423,269.0,10416.0,4451445202.487836,13.44
Kirehe,Rural,06,Health,390470901.6464462,73.0,24392.0,4451445202.487836,8.77
Kirehe,Rural,07,Transport,17945953.95232251,35.0,2340.0,4451445202.487836,0.4
Kirehe,Rural,08,Communication,8559809.77473034,89.0,453.0,4451445202.487836,0.19
Kirehe,Rural,09,Recreation and culture,5517111.512539029,29.0,905.0,4451445202.487836,0.12
Kirehe,Rural,10,Education,249631.5233785822,3.0,400.0,4451445202.487836,0.01
Kirehe,Rural,12,Miscellaneous,114703603.33030307,125.0,4385.0,4451445202.487836,2.58
Ngoma,Urban,01,Food and non-alcoholic beverages,133205330.22348867,45.0,13907.0,476634049.12524104,27.95
Ngoma,Urban,03,Clothing and footwear,128961621.73788008,20.0,29750.0,476634049.12524104,27.06
Ngoma,Urban,04,Housing and utilities,116861993.50393307,29.0,20286.0,476634049.12524104,24.52
Ngoma,Urban,05,Furnishing and household,34384471.95427017,15.0,12107.0,476634049.12524104,7.21
Ngoma,Urban,06,Health,14573276.347106077,10.0,6740.0,476634049.12524104,3.06
Ngoma,Urban,07,Transport,139472.66666666666,1.0,700.0,476634049.12524104,0.03
Ngoma,Urban,08,Communication,7991989.46385057,6.0,7600.0,476634049.12524104,1.68
Ngoma,Urban,09,Recreation and culture,275020.13619844045,2.0,700.0,476634049.12524104,0.06
Ngoma,Urban,10,Education,106752.90215588725,1.0,500.0,476634049.12524104,0.02
Ngoma,Urban,11,Restaurants and hotels,17058783.882783882,2.0,47500.0,476634049.12524104,3.58
Ngoma,Urban,12,Miscellaneous,23075336.306907516,14.0,8700.0,476634049.12524104,4.84
Ngoma,Rural,01,Food and non-alcoholic beverages,833043634.7469292,441.0,8991.0,2808715263.9269056,29.66
Ngoma,Rural,02,Alcoholic beverages and tobacco,1660419.2061791555,3.0,2667.0,2808715263.9269056,0.06
Ngoma,Rural,03,Clothing and footwear,382855936.82813597,132.0,13632.0,2808715263.9269056,13.63
Ngoma,Rural,04,Housing and utilities,1143433349.584547,400.0,13620.0,2808715263.9269056,40.71
Ngoma,Rural,05,Furnishing and household,297370136.4186276,150.0,9390.0,2808715263.9269056,10.59
Ngoma,Rural,06,Health,69257001.51871346,59.0,5344.0,2808715263.9269056,2.47
Ngoma,Rural,07,Transport,30429897.713742234,23.0,6222.0,2808715263.9269056,1.08
Ngoma,Rural,08,Communication,5401058.06245314,64.0,406.0,2808715263.9269056,0.19
Ngoma,Rural,09,Recreation and culture,1345040.9951786655,8.0,725.0,2808715263.9269056,0.05
Ngoma,Rural,12,Miscellaneous,43918788.85239969,57.0,3661.0,2808715263.9269056,1.56
Bugesera,Urban,01,Food and non-alcoholic beverages,1041810796.6243286,197.0,18761.0,3899241395.640234,26.72
Bugesera,Urban,02,Alcoholic beverages and tobacco,345941.9166331104,3.0,433.0,3899241395.640234,0.01
Bugesera,Urban,03,Clothing and footwear,908763186.2245291,86.0,37716.0,3899241395.640234,23.31
Bugesera,Urban,04,Housing and utilities,311377041.5490165,86.0,13558.0,3899241395.640234,7.99
Bugesera,Urban,05,Furnishing and household,856781907.4510425,96.0,30481.0,3899241395.640234,21.97
Bugesera,Urban,06,Health,276308429.5457833,66.0,14322.0,3899241395.640234,7.09
Bugesera,Urban,07,Transport,279063911.93407047,17.0,63697.0,3899241395.640234,7.16
Bugesera,Urban,08,Communication,26872775.379724365,30.0,4020.0,3899241395.640234,0.69
Bugesera,Urban,09,Recreation and culture,19152082.68938654,4.0,18250.0,3899241395.640234,0.49
Bugesera,Urban,10,Education,134911.97283570166,1.0,500.0,3899241395.640234,0.0
Bugesera,Urban,11,Restaurants and hotels,20656831.620961055,2.0,35000.0,3899241395.640234,0.53
Bugesera,Urban,12,Miscellaneous,157973578.73192263,45.0,12733.0,3899241395.640234,4.05
Bugesera,Rural,01,Food and non-alcoholic beverages,965748726.3505388,288.0,11757.0,3550368047.9088154,27.2
Bugesera,Rural,02,Alcoholic beverages and tobacco,690892.3938654596,7.0,336.0,3550368047.9088154,0.02
Bugesera,Rural,03,Clothing and footwear,453420008.18708307,99.0,16374.0,3550368047.9088154,12.77
Bugesera,Rural,04,Housing and utilities,510400789.4679237,248.0,7256.0,3550368047.9088154,14.38
Bugesera,Rural,05,Furnishing and household,1269375164.4490561,172.0,25477.0,3550368047.9088154,35.75
Bugesera,Rural,06,Health,247666304.20351678,75.0,11453.0,3550368047.9088154,6.98
Bugesera,Rural,07,Transport,14184752.103878647,29.0,1807.0,3550368047.9088154,0.4
Bugesera,Rural,08,Communication,8253513.5406327685,62.0,449.0,3550368047.9088154,0.23
Bugesera,Rural,09,Recreation and culture,2102186.877878205,7.0,993.0,3550368047.9088154,0.06
Bugesera,Rural,10,Education,53160.22727272727,1.0,200.0,3550368047.9088154,0.0
Bugesera,Rural,12,Miscellaneous,78472550.10716915,65.0,4188.0,3550368047.9088154,2.21
